Year,Location,energy_per_capita,fossil_energy_per_capita,renewables_energy_per_capita,LEx,LE15,LE65,LE80
1965,Africa,2228.423,2100.505,127.918,43.4401,45.7137,11.2665,4.9844
1966,Africa,2275.487,2136.364,139.123,43.433,45.634,11.2447,4.9787
1967,Africa,2241.349,2099.772,141.577,43.6456,45.541,11.2492,4.9786
1968,Africa,2307.324,2145.93,161.394,44.1023,45.827,11.3158,4.9931
1969,Africa,2310.408,2126.871,183.537,44.3156,45.8841,11.3276,4.9919
1970,Africa,2443.656,2220.089,223.568,44.7834,46.2162,11.3747,5.0075
1971,Africa,2541.196,2334.724,206.472,45.322,46.548,11.429,5.0282
1972,Africa,2618.036,2389.03,229.007,45.4068,46.4846,11.4552,5.0464
1973,Africa,2761.8,2525.897,235.902,46.1543,46.9747,11.5514,5.0864
1974,Africa,2822.004,2560.901,261.103,46.4601,47.1863,11.5797,5.1098
1975,Africa,2908.514,2640.094,268.42,46.903,47.3796,11.6504,5.1476
1976,Africa,3070.085,2780.994,289.091,47.6398,47.7003,11.7638,5.2024
1977,Africa,3150.411,2841.573,308.838,48.1637,47.9616,11.8367,5.2412
1978,Africa,3179.803,2877.135,302.668,48.5646,48.1054,11.8803,5.2679
1979,Africa,3364.423,3049.865,314.558,49.0955,48.3664,11.9433,5.2938
1980,Africa,3514.002,3215.964,298.038,49.5116,48.5573,12.0006,5.3204
1981,Africa,3831.083,3530.238,300.845,49.9137,48.7387,12.0358,5.3348
1982,Africa,3963.747,3671.483,292.264,50.2819,48.8395,12.0744,5.3567
1983,Africa,3966.524,3710.441,256.083,49.5505,48.4768,11.9749,5.3406
1984,Africa,3976.943,3711.402,244.923,49.7051,48.3831,11.9907,5.3526
1985,Africa,4023.186,3731.344,264.699,50.0863,48.5243,12.0397,5.3812
1986,Africa,3990.702,3678.991,268.014,50.5501,48.6656,12.0915,5.4075
1987,Africa,4004.209,3724.432,250.021,50.8954,48.5234,12.1529,5.4415
1988,Africa,4169.531,3855.008,265.27,50.4287,48.3474,12.078,5.4447
1989,Africa,4063.964,3742.381,270.882,51.6789,49.0027,12.2567,5.4961
1990,Africa,4086.444,3779.73,269.147,51.6467,48.8591,12.2577,5.5083
1991,Africa,3976.666,3659.419,277.637,51.485,48.8128,12.2366,5.5117
1992,Africa,3935.098,3637.335,258.541,51.2365,48.4917,12.1965,5.4996
1993,Africa,3847.371,3570.017,247.482,51.549,48.483,12.2475,5.5239
1994,Africa,3879.322,3595.591,244.784,50.5156,47.065,12.1513,5.5105
1995,Africa,3936.807,3644.17,248.366,52.1161,48.7442,12.2881,5.5363
1996,Africa,3936.949,3638.592,253.375,52.128,48.6129,12.3337,5.5824
1997,Africa,3922.852,3621.96,253.749,52.3075,48.6007,12.3931,5.6221
1998,Africa,3888.152,3579.052,259.616,51.8964,48.1016,12.3616,5.6223
1999,Africa,3911.04,3597.172,268.285,52.7745,48.514,12.476,5.6608
2000,Africa,3902.278,3575.967,281.234,53.3498,48.8297,12.5648,5.7126
2001,Africa,3942.936,3613.564,293.375,53.6201,48.7756,12.594,5.7207
2002,Africa,3895.799,3557.756,299.018,53.9987,48.862,12.6299,5.737
2003,Africa,3983.47,3660.332,283.2,54.4224,48.9501,12.6552,5.7342
2004,Africa,4171.311,3839.166,291.297,54.8957,49.1314,12.7128,5.7664
2005,Africa,4079.506,3759.233,286.832,55.4669,49.3948,12.7735,5.7917
2006,Africa,4054.325,3735.217,290.345,56.1389,49.7544,12.8394,5.8176
2007,Africa,4102.063,3781.004,289.613,56.73,50.0534,12.9048,5.8458
2008,Africa,4236.832,3915.248,286.588,57.3081,50.3686,12.9731,5.882
2009,Africa,4198.256,3878.879,286.0,58.0158,50.7937,13.0639,5.9182
2010,Africa,4217.788,3882.746,300.899,58.608,51.1717,13.1339,5.9509
2011,Africa,4143.733,3810.795,301.392,59.2511,51.575,13.2077,5.9656
2012,Africa,4200.126,3874.421,294.989,59.8106,51.9232,13.2887,6.011
2013,Africa,4206.431,3870.303,303.772,60.2924,52.2068,13.3421,6.0321
2014,Africa,4210.886,3862.466,317.779,60.7463,52.4905,13.4213,6.0871
2015,Africa,4204.125,3862.6,315.197,61.1288,52.7105,13.4724,6.1089
2016,Africa,4205.953,3867.859,306.766,61.588,53.0092,13.5701,6.1774
2017,Africa,4207.816,3854.16,324.966,61.9858,53.2582,13.6506,6.2145
2018,Africa,4195.228,3833.317,339.213,62.3435,53.4663,13.7105,6.2351
2019,Africa,4187.656,3808.938,353.471,62.688,53.6715,13.7677,6.2546
2020,Africa,3870.848,3483.574,368.932,62.2342,52.973,13.0497,5.875
2021,Africa,4027.117,3625.505,379.353,61.6609,52.1976,12.559,5.5959
2022,Africa,3943.844,3545.31,380.824,62.1532,52.6009,12.827,5.7188
1965,Asia,2816.082,2593.657,222.387,50.5795,48.2289,11.1161,4.8483
1966,Asia,2983.344,2756.053,226.441,51.4792,48.8695,11.2864,4.9333
1967,Asia,3052.208,2844.559,206.754,52.1418,49.3262,11.3764,4.973
1968,Asia,3215.819,2990.036,224.333,53.0428,49.7656,11.4817,5.0165
1969,Asia,3566.374,3336.711,227.214,53.6282,50.1335,11.5722,5.077
1970,Asia,3943.964,3708.85,227.324,53.9314,50.3405,11.6573,5.1351
1971,Asia,4229.958,3975.412,242.873,53.3624,49.6928,11.6701,5.2036
1972,Asia,4394.658,4135.672,245.583,55.2811,51.1774,12.0169,5.3478
1973,Asia,4655.452,4417.263,223.313,55.9197,51.6166,12.2239,5.4411
1974,Asia,4660.921,4385.413,248.877,56.4214,51.942,12.3849,5.5311
1975,Asia,4733.548,4437.785,262.739,56.6852,52.0806,12.5177,5.6138
1976,Asia,4910.214,4602.04,264.901,57.2105,52.4208,12.6628,5.68
1977,Asia,5139.0,4844.678,255.565,58.0184,52.9841,12.7955,5.7566
1978,Asia,5398.847,5059.825,264.372,58.5302,53.2594,12.8688,5.7959
1979,Asia,5596.692,5224.946,281.432,59.1162,53.5737,12.955,5.8444
1980,Asia,5501.566,5100.222,297.124,59.6039,53.7928,12.9847,5.8379
1981,Asia,5475.136,5052.858,312.465,60.1084,54.038,13.0758,5.8896
1982,Asia,5486.803,5047.548,313.393,60.6145,54.2857,13.1626,5.946
1983,Asia,5670.633,5200.076,322.986,61.0726,54.5701,13.2392,5.9723
1984,Asia,6002.473,5509.327,319.091,61.5409,54.8648,13.3459,6.0304
1985,Asia,6884.569,6306.246,368.458,61.9822,55.1166,13.4411,6.0747
1986,Asia,7031.574,6447.955,364.784,62.4858,55.3802,13.5503,6.1267
1987,Asia,7283.99,6660.039,370.048,62.938,55.6194,13.6599,6.1832
1988,Asia,7639.333,6988.958,415.479,63.2672,55.7814,13.7281,6.1938
1989,Asia,7850.388,7191.774,418.099,63.7009,56.0385,13.8347,6.2509
1990,Asia,8004.866,7324.175,426.917,64.0389,56.1886,13.8996,6.2613
1991,Asia,8170.006,7479.682,424.14,64.2294,56.3328,13.9675,6.2852
1992,Asia,8391.733,7702.689,420.322,64.7535,56.6582,14.1398,6.3766
1993,Asia,8606.23,7855.537,457.659,65.1086,56.8774,14.2762,6.4595
1994,Asia,8909.805,8151.194,450.611,65.4131,57.0306,14.3708,6.5094
1995,Asia,9163.48,8346.813,482.203,65.6966,57.1916,14.4841,6.5722
1996,Asia,9426.927,8606.345,472.416,65.9998,57.3263,14.5733,6.6393
1997,Asia,9564.517,8732.054,467.317,66.4141,57.5677,14.7149,6.7121
1998,Asia,9447.087,8583.624,488.761,66.8629,57.8391,14.8871,6.8156
1999,Asia,9621.604,8772.187,473.565,67.2127,57.9906,14.9518,6.8181
2000,Asia,9864.972,8999.97,483.604,67.6292,58.1745,15.0676,6.8947
2001,Asia,10068.242,9178.793,510.669,68.1255,58.4873,15.2699,7.0335
2002,Asia,10431.763,9528.807,521.994,68.5285,58.6892,15.3633,7.0836
2003,Asia,11106.729,10240.069,534.117,68.9269,58.8677,15.4424,7.1152
2004,Asia,12024.823,11034.729,615.614,69.1634,58.9541,15.5055,7.1563
2005,Asia,12776.326,11760.506,632.003,69.615,59.1677,15.5662,7.1713
2006,Asia,13350.881,12277.209,686.841,70.0502,59.3789,15.673,7.236
2007,Asia,13998.733,12919.018,715.279,70.3458,59.4782,15.7144,7.2577
2008,Asia,14291.811,13139.845,804.429,70.5111,59.5093,15.7529,7.2827
2009,Asia,14426.608,13278.283,791.19,70.9919,59.7559,15.8692,7.3551
2010,Asia,15190.584,13913.51,907.582,71.3472,59.9409,15.9665,7.4034
2011,Asia,15791.833,14559.163,931.397,71.6749,60.1027,16.06,7.4594
2012,Asia,16164.222,14903.371,1049.563,72.0416,60.3045,16.2066,7.5508
2013,Asia,16400.99,15042.688,1148.187,72.3901,60.5247,16.3587,7.647
2014,Asia,16676.557,15192.178,1261.735,72.7841,60.7614,16.5154,7.7485
2015,Asia,16825.139,15245.994,1332.202,73.1205,60.9783,16.6745,7.843
2016,Asia,16970.572,15270.59,1428.114,73.4446,61.1619,16.8104,7.9277
2017,Asia,17376.299,15550.419,1543.296,73.681,61.2571,16.8675,7.9564
2018,Asia,17850.889,15864.545,1675.105,73.9909,61.5051,17.0302,8.0533
2019,Asia,18214.143,16029.353,1826.491,74.1876,61.6244,17.101,8.0886
2020,Asia,17964.684,15667.932,1936.972,73.7415,61.11,16.6789,7.8845
2021,Asia,18812.572,16303.895,2118.004,72.5321,59.8141,15.9106,7.4329
2022,Asia,19139.609,16428.768,2304.22,73.1802,60.4942,16.4035,7.7311
1965,Europe,30301.293,28415.236,1789.799,69.7955,57.9409,14.3409,6.1746
1966,Europe,31318.326,29263.027,1931.783,70.0242,58.0792,14.4654,6.259
1967,Europe,32240.748,30196.041,1903.311,70.0139,58.0347,14.4647,6.2674
1968,Europe,33788.301,31613.826,2013.006,69.9132,57.8732,14.3043,6.1328
1969,Europe,35653.809,33431.824,2027.703,69.6398,57.5701,14.1724,6.187
1970,Europe,37587.559,35240.676,2135.522,69.9716,57.8382,14.3848,6.2591
1971,Europe,38647.113,36257.152,2148.517,70.1067,57.8796,14.4313,6.2562
1972,Europe,40263.5,37753.141,2180.549,70.3388,58.0102,14.5517,6.332
1973,Europe,42196.984,39627.043,2194.089,70.4014,58.0344,14.5417,6.2836
1974,Europe,42414.113,39601.98,2353.623,70.6441,58.2097,14.6808,6.377
1975,Europe,42659.738,39710.418,2340.808,70.5324,58.0685,14.6178,6.328
1976,Europe,44516.797,41563.816,2226.943,70.6257,58.0991,14.6804,6.3515
1977,Europe,45502.203,42013.238,2608.19,70.8735,58.2991,14.8981,6.514
1978,Europe,47096.398,43441.641,2689.38,70.8856,58.2609,14.8911,6.4899
1979,Europe,48491.012,44629.074,2785.842,70.9521,58.2752,14.9708,6.5419
1980,Europe,47940.016,43908.398,2762.613,70.9463,58.2136,14.9431,6.5093
1981,Europe,47406.551,42969.191,2781.436,71.2414,58.4136,15.0771,6.566
1982,Europe,47142.945,42616.176,2691.643,71.5347,58.6308,15.2372,6.6805
1983,Europe,47619.566,42714.715,2776.258,71.4905,58.5223,15.1747,6.6092
1984,Europe,48895.645,43317.75,2874.157,71.6044,58.5899,15.306,6.7251
1985,Europe,47164.879,41215.234,2765.208,71.7494,58.6402,15.2629,6.6601
1986,Europe,47802.664,41726.461,2708.273,72.524,59.2724,15.6111,6.8657
1987,Europe,48663.91,42273.465,2840.158,72.702,59.4204,15.7795,7.0002
1988,Europe,49024.312,42203.336,2939.658,72.8128,59.4651,15.8482,7.0379
1989,Europe,48748.391,42044.668,2670.805,72.9362,59.5113,15.9313,7.0807
1990,Europe,48656.051,41945.766,2731.203,72.8843,59.3889,15.9122,7.0781
1991,Europe,47882.0,41041.242,2775.202,72.869,59.3084,15.9255,7.1046
1992,Europe,46017.129,39089.668,2847.539,72.6774,59.0945,15.9529,7.1796
1993,Europe,44334.055,37203.191,2917.071,72.0794,58.4823,15.6255,7.0007
1994,Europe,42504.223,35438.992,2971.817,72.0876,58.4295,15.6511,7.0745
1995,Europe,42394.914,35201.441,2998.135,72.1867,58.4557,15.6642,7.0871
1996,Europe,42697.547,35425.734,2826.504,72.7376,58.9273,15.8327,7.1801
1997,Europe,41995.441,34557.832,2955.073,73.248,59.3684,16.0261,7.2973
1998,Europe,42222.023,34703.059,3087.984,73.5686,59.6268,16.1501,7.3629
1999,Europe,42186.426,34490.168,3167.033,73.3644,59.39,16.0935,7.3257
2000,Europe,42693.547,34766.996,3329.472,73.5229,59.4941,16.2044,7.4223
2001,Europe,43322.254,35210.906,3391.03,73.7801,59.7121,16.3434,7.5376
2002,Europe,43038.949,35118.402,3161.353,73.7608,59.656,16.2963,7.5205
2003,Europe,43747.227,35908.543,3044.326,73.8379,59.6841,16.2557,7.4685
2004,Europe,44269.43,36128.684,3335.541,74.3786,60.1794,16.6078,7.7564
2005,Europe,44343.543,36159.801,3443.359,74.5083,60.2697,16.6239,7.7259
2006,Europe,44919.312,36706.965,3489.541,75.1649,60.8842,16.9913,7.9304
2007,Europe,44471.723,36287.941,3680.644,75.5532,61.2412,17.1753,7.9877
2008,Europe,44241.188,35884.48,3884.482,75.8491,61.5036,17.3502,8.0218
2009,Europe,41528.055,33260.492,4014.757,76.2941,61.9233,17.6066,8.1306
2010,Europe,43049.605,34383.883,4323.422,76.5463,62.1472,17.7479,8.1926
2011,Europe,42430.418,33907.75,4233.829,77.0825,62.6586,18.0736,8.3797
2012,Europe,42273.965,33422.234,4671.887,77.253,62.834,18.0974,8.3399
2013,Europe,41743.277,32636.775,5017.844,77.5811,63.1416,18.2827,8.4739
2014,Europe,40452.855,31217.939,5125.594,77.9223,63.461,18.4974,8.6661
2015,Europe,40296.723,31021.873,5229.833,77.9916,63.5015,18.3858,8.5412
2016,Europe,40759.211,31490.721,5340.091,78.4272,63.9164,18.6481,8.7766
2017,Europe,40993.75,31707.619,5385.113,78.6625,64.1271,18.6899,8.7646
2018,Europe,41426.102,31832.111,5715.925,78.7879,64.2317,18.7594,8.8792
2019,Europe,40732.324,31062.229,5816.36,79.1221,64.5521,18.9567,9.06
2020,Europe,38222.113,28374.678,6309.785,77.7401,63.1435,18.1031,8.4881
2021,Europe,40415.152,30266.775,6412.611,77.0336,62.4324,17.7173,8.3612
2022,Europe,38323.848,28721.068,6345.002,77.4235,62.8209,17.9887,8.4702
1965,North America,56296.66,52763.68,3494.184,70.3669,57.6278,14.7463,6.7945
1966,North America,58499.266,54844.68,3597.074,70.3407,57.5572,14.7253,6.8068
1967,North America,59633.988,55709.547,3846.535,70.6486,57.7756,14.9227,6.9519
1968,North America,62231.695,58250.672,3849.694,70.3734,57.4744,14.7433,6.8551
1969,North America,64490.094,60143.801,4207.283,70.6419,57.6908,14.9428,6.9857
1970,North America,65908.375,61497.777,4194.971,70.8965,57.8958,15.1187,7.1764
1971,North America,66282.469,61538.039,4352.215,71.2563,58.1029,15.2277,7.1827
1972,North America,68747.602,63647.387,4542.402,71.3165,58.0871,15.186,7.1986
1973,North America,70951.406,65460.539,4607.66,71.5377,58.2627,15.3087,7.2042
1974,North America,68778.508,62696.234,4945.906,72.0587,58.7316,15.5805,7.3687
1975,North America,66181.594,59796.133,4771.295,72.6188,59.2104,15.9278,7.6441
1976,North America,68735.969,62240.129,4704.907,72.9321,59.4535,16.0118,7.632
1977,North America,69744.156,63210.137,4189.54,73.304,59.7565,16.2698,7.837
1978,North America,70366.867,63065.438,4741.0,73.4991,59.912,16.3435,7.8461
1979,North America,70337.289,63192.242,4767.595,73.9161,60.2704,16.6013,8.031
1980,North America,67298.695,60257.855,4713.059,73.842,60.1571,16.4251,7.8708
1981,North America,64997.34,57793.664,4719.321,74.2328,60.4716,16.6344,8.0091
1982,North America,61769.016,54293.719,4957.215,74.5705,60.7719,16.7519,8.1311
1983,North America,60678.578,52886.965,5146.296,74.6848,60.8364,16.7076,8.0667
1984,North America,63008.93,54892.496,5218.795,74.8235,60.9515,16.7943,8.118
1985,North America,62374.164,54011.25,5017.916,74.8015,60.9173,16.7521,8.047
1986,North America,62061.719,53394.117,5061.755,74.8891,60.9775,16.8437,8.1149
1987,North America,63313.836,54643.449,4763.312,75.0368,61.1095,16.9435,8.1588
1988,North America,65171.57,56286.742,4466.428,75.0212,61.0929,16.9289,8.0815
1989,North America,65835.008,56778.125,4702.766,75.2974,61.3695,17.1744,8.2661
1990,North America,64938.582,55441.559,4902.489,75.5689,61.5788,17.3399,8.3698
1991,North America,64001.59,54241.344,4897.366,75.723,61.6964,17.4325,8.4133
1992,North America,63982.598,54486.594,4696.45,75.9785,61.8997,17.5715,8.5063
1993,North America,64287.047,54647.621,4878.889,75.7757,61.6896,17.3883,8.3126
1994,North America,64788.969,55137.098,4677.686,75.9473,61.8315,17.5091,8.3644
1995,North America,65147.98,55032.051,5031.821,76.0639,61.9092,17.5292,8.3424
1996,North America,66363.617,56028.855,5346.822,76.3785,62.1955,17.5871,8.3539
1997,North America,66018.648,56160.906,5278.822,76.6885,62.4875,17.655,8.3573
1998,North America,65528.484,55910.332,4889.651,76.8541,62.6469,17.6839,8.342
1999,North America,65893.188,55919.426,4951.32,76.8832,62.6595,17.6515,8.252
2000,North America,66751.375,56940.75,4711.094,77.0402,62.7994,17.7739,8.2935
2001,North America,64542.328,55329.941,4092.196,77.1684,62.9057,17.9084,8.3545
2002,North America,64923.301,55372.535,4456.585,77.2454,62.9871,17.9839,8.3582
2003,North America,64491.531,55194.676,4385.642,77.4009,63.1395,18.1405,8.4467
2004,North America,65148.426,55730.094,4374.213,77.7964,63.5286,18.454,8.655
2005,North America,64873.145,55411.152,4524.36,77.8049,63.5429,18.4921,8.6389
2006,North America,63864.316,54310.676,4640.198,78.0985,63.8243,18.7634,8.8266
2007,North America,64141.492,54705.754,4527.15,78.3381,64.0692,18.936,8.942
2008,North America,62250.988,52578.789,4837.801,78.443,64.1458,18.9527,8.9422
2009,North America,58780.836,49155.469,4934.976,78.81,64.492,19.2771,9.1955
2010,North America,59838.684,50230.762,4971.412,79.0256,64.676,19.3538,9.2165
2011,North America,59241.512,49210.906,5520.442,79.0867,64.7273,19.4215,9.2347
2012,North America,57444.469,47719.859,5392.82,79.2181,64.8503,19.5466,9.3242
2013,North America,58236.602,48252.035,5571.392,79.2331,64.8621,19.5661,9.3511
2014,North America,58141.621,48131.32,5618.468,79.2992,64.9143,19.6888,9.4684
2015,North America,57188.352,47220.598,5658.083,79.172,64.7946,19.6568,9.4401
2016,North America,56595.648,46306.75,6010.219,79.1645,64.7869,19.8226,9.6117
2017,North America,56421.656,45831.781,6377.406,79.1397,64.7494,19.8112,9.5906
2018,North America,57602.539,47035.895,6392.865,79.2957,64.8953,19.9066,9.6852
2019,North America,56745.273,46163.898,6453.27,79.4605,65.054,20.0741,9.826
2020,North America,52254.91,41585.496,6682.419,77.8693,63.4454,18.9812,9.1051
2021,North America,54584.871,43781.266,6915.646,77.7299,63.2922,19.2612,9.5845
2022,North America,55936.836,44720.008,7426.005,78.6632,64.1988,19.7376,9.7757
1965,Oceania,29017.244,25772.75,3244.496,65.8003,55.8474,13.9786,6.3733
1966,Oceania,29853.646,26603.018,3250.632,65.8367,55.7692,13.7734,6.2138
1967,Oceania,30808.596,27543.777,3264.819,66.3286,56.1454,14.1316,6.5087
1968,Oceania,31898.879,28527.789,3371.091,66.2451,55.9365,13.8123,6.1764
1969,Oceania,32465.143,29060.955,3404.189,66.7376,56.3192,14.0926,6.5554
1970,Oceania,34696.434,31001.178,3695.262,66.6238,56.0768,13.8427,6.3637
1971,Oceania,35439.59,31394.566,4045.022,67.4401,56.7216,14.2775,6.4997
1972,Oceania,36342.535,32252.861,4089.676,67.7967,56.9522,14.3822,6.5705
1973,Oceania,37996.492,33892.684,4103.809,68.0447,57.1391,14.5022,6.6339
1974,Oceania,39434.844,35030.176,4404.668,68.0624,57.0809,14.4349,6.4956
1975,Oceania,39489.41,34796.379,4693.034,68.7719,57.7271,14.9708,6.9061
1976,Oceania,40326.07,35958.395,4367.676,68.898,57.74,14.7874,6.7569
1977,Oceania,41626.902,37516.145,4110.755,69.4049,58.1631,15.2158,7.0631
1978,Oceania,42201.527,37866.297,4335.232,69.8176,58.4937,15.4207,7.2398
1979,Oceania,43111.207,38533.074,4578.137,70.2951,58.8692,15.6088,7.3337
1980,Oceania,42692.332,38148.227,4544.104,70.4926,58.9732,15.5658,7.2432
1981,Oceania,42652.77,38086.676,4566.09,70.8712,59.2589,15.7588,7.382
1982,Oceania,41827.629,37624.684,4202.948,70.9191,59.2239,15.6601,7.2333
1983,Oceania,40213.055,35984.516,4228.54,71.4904,59.7354,16.0349,7.542
1984,Oceania,41287.922,36902.535,4385.388,71.6726,59.87,16.0831,7.5021
1985,Oceania,41772.473,37443.949,4328.519,71.6469,59.7867,15.9243,7.2427
1986,Oceania,42334.691,37768.434,4566.258,72.116,60.2115,16.2799,7.6019
1987,Oceania,42790.055,38360.574,4429.479,72.2009,60.2332,16.2503,7.498
1988,Oceania,44018.09,39424.816,4593.278,72.466,60.4373,16.4003,7.5748
1989,Oceania,45321.52,40793.16,4528.359,72.4899,60.4136,16.2672,7.3941
1990,Oceania,45598.449,40988.016,4610.436,73.1943,61.0288,16.8067,7.8378
1991,Oceania,44663.473,40053.48,4609.996,73.5738,61.3507,17.0313,7.9829
1992,Oceania,44602.117,40235.277,4366.844,73.6344,61.3648,16.9666,7.8742
1993,Oceania,44949.391,40329.031,4620.359,74.0341,61.7364,17.2529,8.0659
1994,Oceania,46128.652,41367.504,4761.151,73.9893,61.6693,17.1275,7.8989
1995,Oceania,47368.34,42550.715,4817.629,74.2723,61.9389,17.3842,8.06
1996,Oceania,47861.441,43217.168,4644.27,74.3074,61.9846,17.4177,8.0139
1997,Oceania,48089.383,43793.746,4295.637,74.5775,62.2487,17.6227,8.1031
1998,Oceania,48329.215,43876.109,4453.101,74.7128,62.5042,17.9497,8.3648
1999,Oceania,49336.781,45100.977,4235.806,75.076,62.7533,18.0271,8.3638
2000,Oceania,49156.395,44813.871,4342.526,75.3603,63.0206,18.2531,8.4757
2001,Oceania,48647.988,44699.238,3948.751,75.5628,63.2194,18.3828,8.5322
2002,Oceania,48930.207,44727.375,4202.834,75.5341,63.1931,18.3599,8.4475
2003,Oceania,48506.902,44449.305,4057.599,75.8341,63.4672,18.6064,8.6276
2004,Oceania,49254.324,44870.645,4383.679,76.0241,63.6357,18.749,8.7211
2005,Oceania,48475.18,44330.316,4144.862,76.3515,63.946,19.0763,8.9252
2006,Oceania,49456.574,45311.738,4144.838,76.4643,64.0099,19.1048,8.9089
2007,Oceania,49527.004,45495.02,4031.985,76.4922,63.9651,19.1115,8.9197
2008,Oceania,49289.07,45491.312,3797.753,76.7775,64.1708,19.1624,8.8793
2009,Oceania,47712.355,43697.895,4014.459,77.042,64.4247,19.4483,9.1137
2010,Oceania,47003.18,42790.332,4212.845,77.361,64.6959,19.6194,9.1895
2011,Oceania,47566.219,42737.977,4828.241,77.4843,64.7621,19.6443,9.1807
2012,Oceania,46216.348,41649.473,4566.873,77.6902,64.9143,19.731,9.2019
2013,Oceania,45961.258,41099.332,4861.929,77.9574,65.1568,19.9935,9.4495
2014,Oceania,45737.852,41015.281,4722.568,77.9842,65.1502,19.9971,9.4474
2015,Oceania,45880.926,41009.879,4871.049,78.1624,65.2608,20.0909,9.471
2016,Oceania,45295.527,40069.008,5226.511,78.3537,65.398,20.2142,9.5648
2017,Oceania,44522.414,39638.16,4884.253,78.5432,65.5518,20.3254,9.6518
2018,Oceania,44286.734,38812.184,5474.549,78.8271,65.7897,20.6055,9.8935
2019,Oceania,44926.961,39239.566,5687.399,78.7485,65.6674,20.5706,9.8894
2020,Oceania,41583.086,35540.273,6042.814,79.4958,66.39,20.6066,9.8388
2021,Oceania,41087.691,34347.555,6740.135,79.4444,66.2845,20.4808,9.7762
2022,Oceania,42057.262,34497.52,7559.747,79.1675,65.991,20.7169,9.8931
1965,South America,6260.95,5575.318,685.633,56.9341,52.449,12.9996,5.4895
1966,South America,6506.521,5762.016,744.504,57.3179,52.6316,13.0511,5.5188
1967,South America,6579.623,5811.388,768.235,57.6983,52.7778,13.0894,5.5421
1968,South America,6855.773,6059.512,796.261,58.0664,52.8886,13.094,5.5481
1969,South America,7006.802,6168.428,838.375,58.3946,52.9796,13.0739,5.5417
1970,South America,7225.137,6233.34,991.797,58.179,52.7871,13.1053,5.5755
1971,South America,7519.82,6439.746,1080.074,59.2513,53.378,13.2175,5.608
1972,South America,7874.088,6674.436,1199.652,59.661,53.5435,13.2822,5.6402
1973,South America,8465.317,7149.647,1315.669,60.1617,53.7944,13.383,5.6864
1974,South America,8910.272,7420.329,1476.042,60.6174,54.023,13.4666,5.7261
1975,South America,8877.309,7270.452,1573.831,61.1553,54.2918,13.5864,5.7891
1976,South America,9312.507,7568.09,1711.412,61.5234,54.411,13.609,5.7992
1977,South America,9689.378,7792.541,1876.293,62.062,54.6968,13.7668,5.8823
1978,South America,10027.263,7957.246,2034.478,62.5163,54.8793,13.8484,5.9186
1979,South America,10587.997,8285.419,2270.274,62.9512,55.0509,13.8888,5.9335
1980,South America,10777.794,8255.362,2494.971,63.3773,55.1975,13.9285,5.9465
1981,South America,10502.289,8011.616,2458.35,63.888,55.4382,14.033,6.0013
1982,South America,10574.088,7920.513,2632.575,64.2685,55.5511,14.06,6.0102
1983,South America,10458.092,7606.529,2814.143,64.6329,55.6705,14.0968,6.0245
1984,South America,10639.584,7523.581,3048.4,64.9812,55.771,14.1301,6.0323
1985,South America,10882.204,7530.864,3254.969,65.2473,55.8877,14.2173,6.0685
1986,South America,11357.528,7826.869,3470.22,65.9072,56.2855,14.3905,6.1467
1987,South America,11564.205,7869.583,3619.366,66.3458,56.5328,14.5405,6.216
1988,South America,11705.045,7958.984,3682.51,66.7442,56.7406,14.6746,6.2757
1989,South America,11698.708,7912.903,3718.965,67.1343,56.9306,14.8092,6.3381
1990,South America,11570.869,7710.087,3769.892,67.3766,56.9738,14.8474,6.3538
1991,South America,11719.043,7684.335,3948.458,67.7595,57.1727,14.9732,6.4157
1992,South America,11966.731,7919.578,3965.704,68.1234,57.33,15.0463,6.4411
1993,South America,12240.849,7976.446,4190.209,68.4686,57.4747,15.1085,6.4617
1994,South America,12791.932,8337.097,4381.012,68.9059,57.7096,15.2367,6.521
1995,South America,13228.704,8675.533,4469.213,69.1851,57.7926,15.2616,6.5263
1996,South America,13559.612,8910.146,4564.254,69.5655,57.9881,15.3516,6.57
1997,South America,14084.003,9259.079,4730.485,69.9038,58.1498,15.4206,6.6036
1998,South America,14354.98,9514.686,4750.736,70.244,58.3278,15.5047,6.6381
1999,South America,14189.692,9417.64,4680.811,70.5409,58.4658,15.5649,6.6627
2000,South America,14362.223,9441.809,4821.216,70.8468,58.6095,15.6552,6.7286
2001,South America,14006.502,9377.295,4459.509,71.1278,58.7533,15.7304,6.7669
2002,South America,13969.604,9211.053,4605.265,71.5051,58.9926,15.849,6.8425
2003,South America,13940.854,9072.572,4708.178,71.6858,59.0456,15.8344,6.7962
2004,South America,14532.883,9594.338,4792.219,72.1345,59.3817,16.0325,6.919
2005,South America,14798.408,9686.024,4988.992,72.6126,59.7505,16.231,7.0301
2006,South America,15255.647,9983.242,5116.784,72.8762,59.9132,16.32,7.0825
2007,South America,15896.901,10447.678,5309.599,73.0559,59.9994,16.3362,7.0777
2008,South America,16155.278,10620.038,5385.63,73.3804,60.2384,16.4782,7.1619
2009,South America,15824.435,10177.119,5501.698,73.6336,60.4134,16.5602,7.2027
2010,South America,16532.918,10838.253,5547.404,73.8091,60.5195,16.5865,7.207
2011,South America,16990.77,11098.137,5745.591,74.0538,60.7037,16.6747,7.2602
2012,South America,17429.125,11671.484,5610.459,74.2875,60.8751,16.7469,7.3034
2013,South America,17692.633,12042.323,5510.511,74.5858,61.1256,16.8647,7.375
2014,South America,17710.314,12133.308,5444.253,74.8623,61.3646,16.9755,7.436
2015,South America,17418.479,11830.813,5451.474,74.9589,61.424,16.9963,7.4604
2016,South America,17043.629,11356.197,5538.7,74.9513,61.3856,16.9519,7.4346
2017,South America,17045.74,11225.852,5687.481,75.2537,61.6708,17.1146,7.5303
2018,South America,16731.896,10699.836,5897.296,75.4434,61.8326,17.2007,7.5975
2019,South America,16361.665,10249.605,5966.954,75.6449,62.0004,17.2785,7.6646
2020,South America,15056.17,9048.296,5867.339,74.0485,60.3315,16.5091,7.2402
2021,South America,16192.434,10261.742,5786.862,72.9158,59.1581,16.0654,7.1328
2022,South America,16804.742,10329.182,6349.396,73.7606,59.9821,16.4137,7.2213
